"Variable","Data_Type","Missing_Count","Missing_Pct"
"Row_ID","integer",0,0
"Order_ID","character",0,0
"Order_Date","character",0,0
"Ship_Date","character",0,0
"Ship_Mode","character",0,0
"Customer_ID","character",0,0
"Customer_Name","character",0,0
"Segment","character",0,0
"Country","character",0,0
"City","character",0,0
"State","character",0,0
"Postal_Code","integer",0,0
"Region","character",0,0
"Product_ID","character",0,0
"Category","character",0,0
"Sub_Category","character",0,0
"Product_Name","character",0,0
"Sales","numeric",0,0
"Quantity","integer",0,0
"Discount","numeric",0,0
"Profit","numeric",0,0
