"Category","Sub_Category","Orders_Count","Total_Sales","Total_Profit","Profit_Margin_Pct","Mean_Discount_Pct","Loss_Orders_Count","Loss_Rate_Pct"
"Technology","Phones",889,330007.05,44515.73,13.49,15.46,136,15.3
"Furniture","Chairs",617,328449.1,26590.17,8.1,17.02,235,38.09
"Office Supplies","Storage",846,223843.61,21278.83,9.51,7.47,161,19.03
"Furniture","Tables",319,206965.53,-17725.48,-8.56,26.13,203,63.64
"Office Supplies","Binders",1523,203412.73,30221.76,14.86,37.23,613,40.25
"Technology","Machines",115,189238.63,3384.76,1.79,30.61,44,38.26
"Technology","Accessories",775,167380.32,41936.64,25.05,7.85,91,11.74
"Technology","Copiers",68,149528.03,55617.82,37.2,16.18,0,0
"Furniture","Bookcases",228,114880,-3472.56,-3.02,21.11,109,47.81
"Office Supplies","Appliances",466,107532.16,18138.01,16.87,16.65,67,14.38
"Furniture","Furnishings",957,91705.16,13059.14,14.24,13.83,167,17.45
"Office Supplies","Paper",1370,78479.21,34053.57,43.39,7.49,0,0
"Office Supplies","Supplies",190,46673.54,-1189.1,-2.55,7.68,33,17.37
"Office Supplies","Art",796,27118.79,6527.79,24.07,7.49,0,0
"Office Supplies","Envelopes",254,16476.4,6964.18,42.27,8.03,0,0
"Office Supplies","Labels",364,12486.31,5546.25,44.42,6.87,0,0
"Office Supplies","Fasteners",217,3024.28,949.52,31.4,8.2,12,5.53
