"Estimate","Std. Error","t value","Pr(>|t|)","Term"
-50.2532920029975,15.9420108972135,-3.15225552955689,0.00162615424472797,"(Intercept)"
0.163079985396214,0.00391779683427519,41.6254319186473,0,"Sales"
-271.453047621279,12.4813583260512,-21.7486783513538,6.28349625152064e-102,"Discount"
-3.17518089447385,0.988199722542023,-3.21309632257949,0.00131834926689451,"Quantity"
0.534555942906081,2.15278840353215,0.248308631739662,0.803902021538143,"Shipping_Days"
58.6910631076339,19.9163293014689,2.94688153721706,0.00321926523595635,"CategoryOffice Supplies"
121.820193648886,14.6098259754188,8.33823714627742,8.80613457318386e-17,"CategoryTechnology"
64.7594229836394,18.4992181399246,3.5006572977199,0.000466652392920914,"Sub_CategoryAppliances"
45.5023922949852,17.2965106987844,2.63072668744587,0.00853665256018621,"Sub_CategoryArt"
120.304110825161,16.9051737083735,7.11640784652641,1.20398134217304e-12,"Sub_CategoryBinders"
39.3040949684565,18.4522897623238,2.13003889895054,0.0331989611671759,"Sub_CategoryBookcases"
84.3794361147693,14.8909696364507,5.66648365921198,1.50837237148424e-08,"Sub_CategoryChairs"
447.914105721255,28.0752580550588,15.9540512447951,1.9859718461464e-56,"Sub_CategoryCopiers"
59.6172600173892,20.6996338036621,2.88011182143917,0.00398594242265799,"Sub_CategoryEnvelopes"
48.7329787625523,21.2994214714007,2.28799541940551,0.0221638646052831,"Sub_CategoryFasteners"
116.059541492341,14.2072658575413,8.16902721861401,3.58723988700754e-16,"Sub_CategoryFurnishings"
50.8934050917176,19.1490512761215,2.6577507343761,0.00788210959065084,"Sub_CategoryLabels"
-267.53241372902,22.3266617896455,-11.9826428263044,8.37780274561324e-33,"Sub_CategoryMachines"
58.072987609389,16.6269194103681,3.49270879205539,0.000480742455989529,"Sub_CategoryPaper"
-10.7596421422469,10.5641377336357,-1.0185064236704,0.308468280928418,"Sub_CategoryPhones"
26.2794286535558,17.2718156368229,1.52152091049009,0.128168859037442,"Sub_CategoryStorage"
-17.7269345461475,6.08008531633726,-2.91557332238661,0.00356025471182447,"RegionEast"
-14.3569697802074,6.98015986822503,-2.05682535231936,0.0397355198975319,"RegionSouth"
-19.262513062035,6.05295558658456,-3.18233180245487,0.00146655585649044,"RegionWest"
1.88773704012095,4.89133887511708,0.385934626145846,0.699555391831968,"SegmentCorporate"
0.239598578880231,5.8639779568792,0.040859392828916,0.967409014191475,"SegmentHome Office"
-10.6857850646828,11.6322699653728,-0.918632828888294,0.358315468163506,"Ship_ModeSame Day"
-11.8698852761376,7.6570302991442,-1.55019437202231,0.121134595315174,"Ship_ModeSecond Class"
-7.84868558011377,8.65171846150174,-0.907182268475184,0.364337859550956,"Ship_ModeStandard Class"
