"Profit","Predicted_Profit","Residual","Absolute_Error","Sales","Discount","Quantity","Sub_Category","Region"
4946.37,2999.60498828333,1946.76501171667,1946.76501171667,9892.74,0,13,"Binders","Central"
-2639.9912,-784.590044563691,-1855.40115543631,1855.40115543631,1799.994,0.7,2,"Machines","East"
5039.9856,3234.132481125,1805.853118875,1805.853118875,10499.97,0,3,"Copiers","East"
-2929.4845,-1343.03749935985,-1586.44700064015,1586.44700064015,1889.99,0.8,5,"Binders","Central"
2229.024,757.061711283929,1471.96228871607,1471.96228871607,4643.8,0,4,"Machines","East"
2239.9872,966.520974067587,1273.46622593241,1273.46622593241,6999.96,0,4,"Machines","East"
2504.2216,1277.2254079043,1226.9961920957,1226.9961920957,5443.96,0,4,"Binders","Central"
2591.9568,1500.02221329286,1091.93458670714,1091.93458670714,5399.91,0,9,"Copiers","East"
-1862.3124,-802.946643383334,-1059.36575661667,1059.36575661667,4297.644,0.4,13,"Tables","South"
-786.0144,223.5384451,-1009.5528451,1009.5528451,3930.072,0.2,3,"Supplies","Central"
1906.485,962.471349593219,944.013650406781,944.013650406781,5083.96,0.2,5,"Binders","West"
1644.2913,730.833190545833,913.458109454167,913.458109454167,4535.976,0.2,3,"Binders","West"
1371.9804,637.393879857738,734.586520142262,734.586520142262,2799.96,0,4,"Machines","East"
1459.2,774.813070567857,684.386929432143,684.386929432143,3040,0,8,"Machines","South"
1228.1787,694.890518753571,533.288181246429,533.288181246429,4548.81,0,7,"Phones","East"
